{
  "GET_method" : {
    "transaction" : "GET_method",
    "sampleCount" : 407,
    "errorCount" : 0,
    "errorPct" : 0.0,
    "meanResTime" : 281.70024570024594,
    "medianResTime" : 305.0,
    "minResTime" : 183.0,
    "maxResTime" : 773.0,
    "pct1ResTime" : 308.2,
    "pct2ResTime" : 351.0,
    "pct3ResTime" : 542.3600000000006,
    "throughput" : 6.7816379238523705,
    "receivedKBytesPerSec" : 24.48409707468966,
    "sentKBytesPerSec" : 2.9603438984004
  },
  "Total" : {
    "transaction" : "Total",
    "sampleCount" : 407,
    "errorCount" : 0,
    "errorPct" : 0.0,
    "meanResTime" : 281.70024570024594,
    "medianResTime" : 305.0,
    "minResTime" : 183.0,
    "maxResTime" : 773.0,
    "pct1ResTime" : 308.2,
    "pct2ResTime" : 351.0,
    "pct3ResTime" : 542.3600000000006,
    "throughput" : 6.7816379238523705,
    "receivedKBytesPerSec" : 24.48409707468966,
    "sentKBytesPerSec" : 2.9603438984004
  }
}