{
  "GET_method" : {
    "transaction" : "GET_method",
    "sampleCount" : 447,
    "errorCount" : 0,
    "errorPct" : 0.0,
    "meanResTime" : 256.25950782997774,
    "medianResTime" : 208.0,
    "minResTime" : 182.0,
    "maxResTime" : 1009.0,
    "pct1ResTime" : 361.79999999999984,
    "pct2ResTime" : 417.59999999999997,
    "pct3ResTime" : 527.5199999999995,
    "throughput" : 7.456213511259382,
    "receivedKBytesPerSec" : 26.590925380525437,
    "sentKBytesPerSec" : 1.3397883653044202
  },
  "Total" : {
    "transaction" : "Total",
    "sampleCount" : 447,
    "errorCount" : 0,
    "errorPct" : 0.0,
    "meanResTime" : 256.25950782997774,
    "medianResTime" : 208.0,
    "minResTime" : 182.0,
    "maxResTime" : 1009.0,
    "pct1ResTime" : 361.79999999999984,
    "pct2ResTime" : 417.59999999999997,
    "pct3ResTime" : 527.5199999999995,
    "throughput" : 7.456213511259382,
    "receivedKBytesPerSec" : 26.590925380525437,
    "sentKBytesPerSec" : 1.3397883653044202
  }
}